{
  "images" : [
    {
      "idiom" : "iphone",
      "scale" : "1x",
      "filename" : "onepassword-extension-light~compact.png"
    },
    {
      "idiom" : "iphone",
      "scale" : "2x",
      "filename" : "onepassword-extension-light@2x~compact.png"
    },
    {
      "idiom" : "iphone",
      "scale" : "3x",
      "filename" : "onepassword-extension-light@3x~compact.png"
    },
    {
      "idiom" : "ipad",
      "scale" : "1x",
      "filename" : "onepassword-extension-light~regular.png"
    },
    {
      "idiom" : "ipad",
      "scale" : "2x",
      "filename" : "onepassword-extension-light@2x~regular.png"
    }
  ],
  "info" : {
    "version" : 1,
    "author" : "xcode"
  }
}