{
  "images" : [
    {
      "idiom" : "iphone"
    },
    {
      "idiom" : "iphone",
      "subtype" : "retina4"
    },
    {
      "idiom" : "iphone",
      "scale" : "1x"
    },
    {
      "idiom" : "iphone",
      "scale" : "2x",
      "filename" : "register-background@2x.png"
    },
    {
      "idiom" : "iphone",
      "filename" : "register-background-4@2x.png",
      "subtype" : "retina4",
      "scale" : "2x"
    },
    {
      "idiom" : "iphone",
      "scale" : "3x",
      "filename" : "register-background@3x.png"
    }
  ],
  "info" : {
    "version" : 1,
    "author" : "xcode"
  }
}